,Name,url
0,'57 CHEVY WITH A WHITE LICENSE PLATE,http://www.thecocktaildb.com/images/media/drink/qyyvtu1468878544.jpg
1,1-900-FUK-MEUP,http://www.thecocktaildb.com/images/media/drink/uxywyw1468877224.jpg
2,110 IN THE SHADE,http://www.thecocktaildb.com/images/media/drink/xxyywq1454511117.jpg
3,151 FLORIDA BUSHWACKER,http://www.thecocktaildb.com/images/media/drink/rvwrvv1468877323.jpg
4,155 BELMONT,http://www.thecocktaildb.com/images/media/drink/yqvvqs1475667388.jpg
5,24K NIGHTMARE,http://www.thecocktaildb.com/images/media/drink/yyrwty1468877498.jpg
6,252,http://www.thecocktaildb.com/images/media/drink/rtpxqw1468877562.jpg
7,3 WISE MEN,http://www.thecocktaildb.com/images/media/drink/wxqpyw1468877677.jpg
8,3-MILE LONG ISLAND ICED TEA,http://www.thecocktaildb.com/images/media/drink/rrtssw1472668972.jpg
9,410 GONE,http://www.thecocktaildb.com/images/media/drink/xtuyqv1472669026.jpg
10,50/50,http://www.thecocktaildb.com/images/media/drink/wwpyvr1461919316.jpg
11,501 BLUE,http://www.thecocktaildb.com/images/media/drink/ywxwqs1461867097.jpg
12,69 SPECIAL,http://www.thecocktaildb.com/images/media/drink/vqyxqx1472669095.jpg
13,747,http://www.thecocktaildb.com/images/media/drink/xxsxqy1472668106.jpg
14,9 1/2 WEEKS,http://www.thecocktaildb.com/images/media/drink/xvwusr1472669302.jpg
15,A DAY AT THE BEACH,http://www.thecocktaildb.com/images/media/drink/trptts1454514474.jpg
16,A FURLONG TOO LATE,http://www.thecocktaildb.com/images/media/drink/ssxvww1472669166.jpg
17,A GILLIGAN'S ISLAND,http://www.thecocktaildb.com/images/media/drink/wysqut1461867176.jpg
18,A NIGHT IN OLD MANDALAY,http://www.thecocktaildb.com/images/media/drink/vyrvxt1461919380.jpg
19,A PIECE OF ASS,http://www.thecocktaildb.com/images/media/drink/tqxyxx1472719737.jpg
20,A SPLASH OF NASH,http://www.thecocktaildb.com/images/media/drink/rsvtrr1472668201.jpg
21,A TRUE AMARETTO SOUR,http://www.thecocktaildb.com/images/media/drink/rptuxy1472669372.jpg
22,A MIDSUMMERNIGHT DREAM,http://www.thecocktaildb.com/images/media/drink/ysqvqp1461867292.jpg
23,A. J.,http://www.thecocktaildb.com/images/media/drink/uryyrr1472811418.jpg
24,A.D.M. (AFTER DINNER MINT),http://www.thecocktaildb.com/images/media/drink/ruxuvp1472669600.jpg
25,A1,http://www.thecocktaildb.com/images/media/drink/2x8thr1504816928.jpg
26,ABC,http://www.thecocktaildb.com/images/media/drink/tqpvqp1472668328.jpg
27,ACID,http://www.thecocktaildb.com/images/media/drink/xuxpxt1479209317.jpg
28,AT&T,http://www.thecocktaildb.com/images/media/drink/rhhwmp1493067619.jpg
29,ABBEY COCKTAIL,http://www.thecocktaildb.com/images/media/drink/quyyuw1472811568.jpg
30,ABBEY MARTINI,http://www.thecocktaildb.com/images/media/drink/2mcozt1504817403.jpg
31,ABILENE,http://www.thecocktaildb.com/images/media/drink/ysqwwt1461919465.jpg
32,ABSINTHE #2,http://www.thecocktaildb.com/images/media/drink/uxxtrt1472667197.jpg
33,ABSOLUT EVERGREEN,http://www.thecocktaildb.com/images/media/drink/wrxrxp1472812609.jpg
34,ABSOLUT SEX,http://www.thecocktaildb.com/images/media/drink/xtrvtx1472668436.jpg
35,ABSOLUT STRESS #2,http://www.thecocktaildb.com/images/media/drink/xuyqrw1472811825.jpg
36,ABSOLUT SUMMERTIME,http://www.thecocktaildb.com/images/media/drink/trpxxs1472669662.jpg
37,ABSOLUT LIMOUSINE,http://www.thecocktaildb.com/images/media/drink/ssqpyw1472719844.jpg
38,ABSOLUTELY CRANBERRY SMASH,http://www.thecocktaildb.com/images/media/drink/vqwstv1472811884.jpg
39,ABSOLUTELY FABULOUS,http://www.thecocktaildb.com/images/media/drink/abcpwr1504817734.jpg
40,ABSOLUTLY SCREWED UP,http://www.thecocktaildb.com/images/media/drink/yvxrwv1472669728.jpg
41,ACAPULCO,http://www.thecocktaildb.com/images/media/drink/vtpsvr1472811976.jpg
42,ACE,http://www.thecocktaildb.com/images/media/drink/l3cd7f1504818306.jpg
43,ADAM,http://www.thecocktaildb.com/images/media/drink/rwuxsv1472812169.jpg
44,ADAM & EVE,http://www.thecocktaildb.com/images/media/drink/vfeumw1504819077.jpg
45,ADAM BOMB,http://www.thecocktaildb.com/images/media/drink/tpxurs1454513016.jpg
46,ADAM SUNRISE,http://www.thecocktaildb.com/images/media/drink/vtuyvu1472812112.jpg
47,ADDINGTON,http://www.thecocktaildb.com/images/media/drink/ib0b7g1504818925.jpg
48,ADDISON,http://www.thecocktaildb.com/images/media/drink/yzva7x1504820300.jpg
49,ADDISON SPECIAL,http://www.thecocktaildb.com/images/media/drink/4vo5651493068493.jpg
50,ADIOS AMIGOS COCKTAIL,http://www.thecocktaildb.com/images/media/drink/8nk2mp1504819893.jpg
51,ADONIS COCKTAIL,http://www.thecocktaildb.com/images/media/drink/xrvruq1472812030.jpg
52,AFFAIR,http://www.thecocktaildb.com/images/media/drink/wxrsxx1472720734.jpg
53,AFFINITY,http://www.thecocktaildb.com/images/media/drink/nwatpb1504817045.jpg
54,AFTER DINNER COCKTAIL,http://www.thecocktaildb.com/images/media/drink/vtytxq1483387578.jpg
55,AFTER FIVE,http://www.thecocktaildb.com/images/media/drink/sk3lr91493068595.jpg
56,AFTER SUPPER COCKTAIL,http://www.thecocktaildb.com/images/media/drink/quyxwu1483387610.jpg
57,AFTER SEX,http://www.thecocktaildb.com/images/media/drink/xrl66i1493068702.jpg
58,AFTERGLOW,http://www.thecocktaildb.com/images/media/drink/vuquyv1468876052.jpg
59,AFTERNOON,http://www.thecocktaildb.com/images/media/drink/vyrurp1472667777.jpg
60,ALABAMA SLAMMER,http://www.thecocktaildb.com/images/media/drink/qtwxwr1483387647.jpg
61,ALASKA COCKTAIL,http://www.thecocktaildb.com/images/media/drink/wsyryt1483387720.jpg
62,ALEXANDER,http://www.thecocktaildb.com/images/media/drink/urystu1478253039.jpg
63,ALFIE COCKTAIL,http://www.thecocktaildb.com/images/media/drink/ypxsqy1483387829.jpg
64,ALGONQUIN,http://www.thecocktaildb.com/images/media/drink/uwryxx1483387873.jpg
65,ALICE COCKTAIL,http://www.thecocktaildb.com/images/media/drink/qyqtpv1468876144.jpg
66,ALICE IN WONDERLAND,http://www.thecocktaildb.com/images/media/drink/g12lj41493069391.jpg
67,ALLEGHENY,http://www.thecocktaildb.com/images/media/drink/uwvyts1483387934.jpg
68,ALLIES COCKTAIL,http://www.thecocktaildb.com/images/media/drink/qvprvp1483388104.jpg
69,ALMERIA,http://www.thecocktaildb.com/images/media/drink/rwsyyu1483388181.jpg
70,ALMOND CHOCOLATE COFFEE,http://www.thecocktaildb.com/images/media/drink/jls02c1493069441.jpg
71,ALMOND JOY,http://www.thecocktaildb.com/images/media/drink/xutuqs1483388296.jpg
72,ALOHA FRUIT PUNCH,http://www.thecocktaildb.com/images/media/drink/wsyvrt1468876267.jpg
73,AMARETTO AND CREAM,http://www.thecocktaildb.com/images/media/drink/dj8n0r1504375018.jpg
74,AMARETTO LIQUEUR,http://www.thecocktaildb.com/images/media/drink/swqxuv1472719649.jpg
75,AMARETTO MIST,http://www.thecocktaildb.com/images/media/drink/utpxxq1483388370.jpg
76,AMARETTO ROSE,http://www.thecocktaildb.com/images/media/drink/3jm41q1493069578.jpg
77,AMARETTO SHAKE,http://www.thecocktaildb.com/images/media/drink/xk79al1493069655.jpg
78,AMARETTO SOUR,http://www.thecocktaildb.com/images/media/drink/xnzc541493070211.jpg
79,AMARETTO STINGER,http://www.thecocktaildb.com/images/media/drink/vvop4w1493069934.jpg
80,AMARETTO STONE SOUR,http://www.thecocktaildb.com/images/media/drink/xwryyx1472719921.jpg
81,AMARETTO STONE SOUR #3,http://www.thecocktaildb.com/images/media/drink/wutxqr1472720012.jpg
82,AMARETTO SUNRISE,http://www.thecocktaildb.com/images/media/drink/akcpsh1493070267.jpg
83,AMARETTO SUNSET,http://www.thecocktaildb.com/images/media/drink/apictz1493069760.jpg
84,AMARETTO SWEET & SOUR,http://www.thecocktaildb.com/images/media/drink/vswwus1472668546.jpg
85,AMARETTO TEA,http://www.thecocktaildb.com/images/media/drink/b7qzo21493070167.jpg
86,AMERICANO,http://www.thecocktaildb.com/images/media/drink/trwruu1478253126.jpg
87,ANGEL FACE,http://www.thecocktaildb.com/images/media/drink/vqpptp1478253178.jpg
88,ANGELICA LIQUEUR,http://www.thecocktaildb.com/images/media/drink/yuurps1472667672.jpg
89,APELLO,http://www.thecocktaildb.com/images/media/drink/uptxtv1468876415.jpg
90,APPLE BERRY SMOOTHIE,http://www.thecocktaildb.com/images/media/drink/xwqvur1468876473.jpg
91,APPLE CIDER PUNCH #1,http://www.thecocktaildb.com/images/media/drink/xrqxuv1454513218.jpg
92,APPLE GRANDE,http://www.thecocktaildb.com/images/media/drink/wqrptx1472668622.jpg
93,APPLE KARATE,http://www.thecocktaildb.com/images/media/drink/syusvw1468876634.jpg
94,APPLE PIE WITH A CRUST,http://www.thecocktaildb.com/images/media/drink/qspqxt1472720078.jpg
95,APPLE SLAMMER,http://www.thecocktaildb.com/images/media/drink/09yd5f1493069852.jpg
96,APPLECAR,http://www.thecocktaildb.com/images/media/drink/sbffau1504389764.jpg
97,APPLEJACK,http://www.thecocktaildb.com/images/media/drink/sutyqp1479209062.jpg
98,APRICOT LADY,http://www.thecocktaildb.com/images/media/drink/146f251504389814.jpg
99,APRICOT PUNCH,http://www.thecocktaildb.com/images/media/drink/tuxxtp1472668667.jpg
100,ARCHBISHOP,http://www.thecocktaildb.com/images/media/drink/xpqwrt1441207307.jpg
101,ARCTIC FISH,http://www.thecocktaildb.com/images/media/drink/ttsvwy1472668781.jpg
102,ARCTIC MOUTHWASH,http://www.thecocktaildb.com/images/media/drink/wqstwv1478963735.jpg
103,ARISE MY LOVE,http://www.thecocktaildb.com/images/media/drink/wyrrwv1441207432.jpg
104,ARIZONA ANTIFREEZE,http://www.thecocktaildb.com/images/media/drink/dbtylp1493067262.jpg
105,ARIZONA STINGERS,http://www.thecocktaildb.com/images/media/drink/y7w0721493068255.jpg
106,ARIZONA TWISTER,http://www.thecocktaildb.com/images/media/drink/ido1j01493068134.jpg
107,ARMY SPECIAL,http://www.thecocktaildb.com/images/media/drink/55muhh1493068062.jpg
108,ARTHUR TOMPKINS,http://www.thecocktaildb.com/images/media/drink/7onfhz1493067921.jpg
109,ARTILLERY,http://www.thecocktaildb.com/images/media/drink/g1vnbe1493067747.jpg
110,ARTILLERY PUNCH,http://www.thecocktaildb.com/images/media/drink/9a4vqb1493067692.jpg
111,ATLANTIC SUN,http://www.thecocktaildb.com/images/media/drink/doyxqb1493067556.jpg
112,ATOMIC LOKADE,http://www.thecocktaildb.com/images/media/drink/n3zfrh1493067412.jpg
113,AUBURN HEADBANGER,http://www.thecocktaildb.com/images/media/drink/vw7iv91493067320.jpg
114,AUTODAFÉ,http://www.thecocktaildb.com/images/media/drink/7dkf0i1487602928.jpg
115,AVALANCHE,http://www.thecocktaildb.com/images/media/drink/uppqty1472720165.jpg
116,AVALON,http://www.thecocktaildb.com/images/media/drink/3k9qic1493068931.jpg
117,AVIATION,http://www.thecocktaildb.com/images/media/drink/ruutxt1478253328.jpg
118,AZTEC PUNCH,http://www.thecocktaildb.com/images/media/drink/uqwuyp1454514591.jpg
119,B-52,http://www.thecocktaildb.com/images/media/drink/5a3vg61504372070.jpg
120,B-53,http://www.thecocktaildb.com/images/media/drink/rwqxrv1461866023.jpg
121,BABY ESKIMO,http://www.thecocktaildb.com/images/media/drink/wywrtw1472720227.jpg
122,BABY GUINNESS,http://www.thecocktaildb.com/images/media/drink/rvyvxs1473482359.jpg
123,BACARDI COCKTAIL,http://www.thecocktaildb.com/images/media/drink/n433t21504348259.jpg
124,BAILEY'S DREAM SHAKE,http://www.thecocktaildb.com/images/media/drink/qxrvqw1472718959.jpg
125,BALMORAL,http://www.thecocktaildb.com/images/media/drink/vysuyq1441206297.jpg
126,BANANA CANTALOUPE SMOOTHIE,http://www.thecocktaildb.com/images/media/drink/uqxqsy1468876703.jpg
127,BANANA DAIQUIRI,http://www.thecocktaildb.com/images/media/drink/k1xatq1504389300.jpg
128,BANANA MILK SHAKE,http://www.thecocktaildb.com/images/media/drink/rtwwsx1472720307.jpg
129,BANANA STRAWBERRY SHAKE,http://www.thecocktaildb.com/images/media/drink/vqquwx1472720634.jpg
130,BANANA STRAWBERRY SHAKE DAIQUIRI-TYPE,http://www.thecocktaildb.com/images/media/drink/uvypss1472720581.jpg
131,BARRACUDA,http://www.thecocktaildb.com/images/media/drink/jwmr1x1504372337.jpg
132,BELGIAN BLUE,http://www.thecocktaildb.com/images/media/drink/rttsxw1441245419.jpg
133,BELLINI,http://www.thecocktaildb.com/images/media/drink/eaag491504367543.jpg
134,BELLINI MARTINI,http://www.thecocktaildb.com/images/media/drink/3h9wv51504389379.jpg
135,BERMUDA HIGHBALL,http://www.thecocktaildb.com/images/media/drink/qrvtww1441206528.jpg
136,BERRY DEADLY,http://www.thecocktaildb.com/images/media/drink/xqutpr1461867477.jpg
137,BETWEEN THE SHEETS,http://www.thecocktaildb.com/images/media/drink/of1rj41504348346.jpg
138,BIBLE BELT,http://www.thecocktaildb.com/images/media/drink/6bec6v1503563675.jpg
139,BIG RED,http://www.thecocktaildb.com/images/media/drink/yqwuwu1441248116.jpg
140,BLACK & TAN,http://www.thecocktaildb.com/images/media/drink/rwpswp1454511017.jpg
141,BLACK FOREST SHAKE,http://www.thecocktaildb.com/images/media/drink/xxtxsu1472720505.jpg
142,BLACK RUSSIAN,http://www.thecocktaildb.com/images/media/drink/2k5gbb1504367689.jpg
143,BLACK AND BROWN,http://www.thecocktaildb.com/images/media/drink/wwuvxv1472668899.jpg
144,BLACKTHORN,http://www.thecocktaildb.com/images/media/drink/xvswvy1441209430.jpg
145,BLEEDING SURGEON,http://www.thecocktaildb.com/images/media/drink/usuvvr1472719118.jpg
146,BLIND RUSSIAN,http://www.thecocktaildb.com/images/media/drink/wxuqvr1472720408.jpg
147,BLOODY MARIA,http://www.thecocktaildb.com/images/media/drink/yz0j6z1504389461.jpg
148,BLOODY MARY,http://www.thecocktaildb.com/images/media/drink/uyquuu1439906954.jpg
149,BLUE LAGOON,http://www.thecocktaildb.com/images/media/drink/vak0e51504389504.jpg
150,BLUE MARGARITA,http://www.thecocktaildb.com/images/media/drink/qtvvyq1439905913.jpg
151,BLUE MOUNTAIN,http://www.thecocktaildb.com/images/media/drink/vsxssp1441209853.jpg
152,BLUEBIRD,http://www.thecocktaildb.com/images/media/drink/vxypsq1441209971.jpg
153,BOB MARLEY,http://www.thecocktaildb.com/images/media/drink/rrqrst1477140664.jpg
154,BOBBY BURNS COCKTAIL,http://www.thecocktaildb.com/images/media/drink/km6se51484411608.jpg
155,BOOMERANG,http://www.thecocktaildb.com/images/media/drink/3m6yz81504389551.jpg
156,BOOZY SNICKERS MILKSHAKE,http://www.thecocktaildb.com/images/media/drink/861tzm1504784164.jpg
157,BORA BORA,http://www.thecocktaildb.com/images/media/drink/xwuqvw1473201811.jpg
158,BOSTON SIDECAR,http://www.thecocktaildb.com/images/media/drink/qzs5d11504365962.jpg
159,BOSTON SOUR,http://www.thecocktaildb.com/images/media/drink/kxlgbi1504366100.jpg
160,BOURBON SLING,http://www.thecocktaildb.com/images/media/drink/3s36ql1504366260.jpg
161,BOURBON SOUR,http://www.thecocktaildb.com/images/media/drink/dms3io1504366318.jpg
162,BOXCAR,http://www.thecocktaildb.com/images/media/drink/pwgtpa1504366376.jpg
163,BRAIN FART,http://www.thecocktaildb.com/images/media/drink/rz5aun1504389701.jpg
164,BRAINTEASER,http://www.thecocktaildb.com/images/media/drink/ruywtq1461866066.jpg
165,BRAMBLE,http://www.thecocktaildb.com/images/media/drink/lvzl3r1504372526.jpg
166,BRANDON AND WILL'S COKE FLOAT,http://www.thecocktaildb.com/images/media/drink/xspxyr1472719185.jpg
167,BRANDY ALEXANDER,http://www.thecocktaildb.com/images/media/drink/tvqxvr1483387746.jpg
168,BRANDY COBBLER,http://www.thecocktaildb.com/images/media/drink/vtvutr1439465836.jpg
169,BRANDY FLIP,http://www.thecocktaildb.com/images/media/drink/6ty09d1504366461.jpg
170,BRANDY SOUR,http://www.thecocktaildb.com/images/media/drink/tu0mts1504366540.jpg
171,BRAVE BULL SHOOTER,http://www.thecocktaildb.com/images/media/drink/yrtypx1473344625.jpg
172,BRUCE'S PUCE,http://www.thecocktaildb.com/images/media/drink/svsvqv1473344558.jpg
173,BRUISED HEART,http://www.thecocktaildb.com/images/media/drink/7if5kq1503564209.jpg
174,BUBBLE GUM,http://www.thecocktaildb.com/images/media/drink/spuurv1468878783.jpg
175,BUCCANEER,http://www.thecocktaildb.com/images/media/drink/upvtyt1441249023.jpg
176,BUMBLE BEE #1,http://www.thecocktaildb.com/images/media/drink/uwqpvv1461866378.jpg
177,BUTTER BABY,http://www.thecocktaildb.com/images/media/drink/1xhjk91504783763.jpg
178,CAFE SAVOY,http://www.thecocktaildb.com/images/media/drink/vqwptt1441247711.jpg
179,CAIPIRINHA,http://www.thecocktaildb.com/images/media/drink/xyrppt1469090521.jpg
180,CAIPIRISSIMA,http://www.thecocktaildb.com/images/media/drink/yd47111503565515.jpg
181,CALIFORNIA LEMONADE,http://www.thecocktaildb.com/images/media/drink/qvvxwy1472406424.jpg
182,CALIFORNIA ROOT BEER,http://www.thecocktaildb.com/images/media/drink/rsxuyr1472719526.jpg
183,CAMPARI BEER,http://www.thecocktaildb.com/images/media/drink/xsqrup1441249130.jpg
184,CARIBBEAN BOILERMAKER,http://www.thecocktaildb.com/images/media/drink/svsxsv1454511666.jpg
185,CARIBBEAN ORANGE LIQUEUR,http://www.thecocktaildb.com/images/media/drink/qwxuwy1472667570.jpg
186,CASINO,http://www.thecocktaildb.com/images/media/drink/1mvjxg1504348579.jpg
187,CASINO ROYALE,http://www.thecocktaildb.com/images/media/drink/3qpv121504366699.jpg
188,CASTILLIAN HOT CHOCOLATE,http://www.thecocktaildb.com/images/media/drink/3nbu4a1487603196.jpg
189,CHAMPAGNE COCKTAIL,http://www.thecocktaildb.com/images/media/drink/ehh5df1504366811.jpg
190,CHERRY ELECTRIC LEMONADE,http://www.thecocktaildb.com/images/media/drink/tquyyt1451299548.jpg
191,CHERRY RUM,http://www.thecocktaildb.com/images/media/drink/twsuvr1441554424.jpg
192,CHICAGO FIZZ,http://www.thecocktaildb.com/images/media/drink/qwvwqr1441207763.jpg
193,CHOCOLATE BEVERAGE,http://www.thecocktaildb.com/images/media/drink/jbqrhv1487603186.jpg
194,CHOCOLATE BLACK RUSSIAN,http://www.thecocktaildb.com/images/media/drink/yyvywx1472720879.jpg
195,CHOCOLATE DRINK,http://www.thecocktaildb.com/images/media/drink/q7w4xu1487603180.jpg
196,CHOCOLATE MILK,http://www.thecocktaildb.com/images/media/drink/j6q35t1504889399.jpg
197,CHOCOLATE MONKEY,http://www.thecocktaildb.com/images/media/drink/tyvpxt1468875212.jpg
198,CITRUS COKE,http://www.thecocktaildb.com/images/media/drink/uyrvut1479473214.jpg
199,CITY SLICKER,http://www.thecocktaildb.com/images/media/drink/dazdlg1504366949.jpg
200,CLASSIC OLD-FASHIONED,http://www.thecocktaildb.com/images/media/drink/anhof61504366173.jpg
201,CLOVE COCKTAIL,http://www.thecocktaildb.com/images/media/drink/qxvtst1461867579.jpg
202,CLOVER CLUB,http://www.thecocktaildb.com/images/media/drink/t0aja61504348715.jpg
203,COFFEE LIQUEUR,http://www.thecocktaildb.com/images/media/drink/ryvtsu1441253851.jpg
204,COFFEE-VODKA,http://www.thecocktaildb.com/images/media/drink/qvrrvu1472667494.jpg
205,COKE AND DROPS,http://www.thecocktaildb.com/images/media/drink/yrtxxp1472719367.jpg
206,COSMOPOLITAN,http://www.thecocktaildb.com/images/media/drink/kpsajh1504368362.jpg
207,COSMOPOLITAN MARTINI,http://www.thecocktaildb.com/images/media/drink/upxxpq1439907580.jpg
208,CRANBERRY CORDIAL,http://www.thecocktaildb.com/images/media/drink/qtspsx1472667392.jpg
209,CRANBERRY PUNCH,http://www.thecocktaildb.com/images/media/drink/mzgaqu1504389248.jpg
210,CREAM SODA,http://www.thecocktaildb.com/images/media/drink/yqstxr1479209367.jpg
211,CREME DE MENTHE,http://www.thecocktaildb.com/images/media/drink/yxswtp1441253918.jpg
212,CUBA LIBRA,http://www.thecocktaildb.com/images/media/drink/ck6d0p1504388696.jpg
213,CUBA LIBRE,http://www.thecocktaildb.com/images/media/drink/uuxsrr1473201663.jpg
214,DAIQUIRI,http://www.thecocktaildb.com/images/media/drink/usuuur1439906797.jpg
215,DAMNED IF YOU DO,http://www.thecocktaildb.com/images/media/drink/ql7bmx1503565106.jpg
216,DANBOOKA,http://www.thecocktaildb.com/images/media/drink/vurrxr1441246074.jpg
217,DARK CAIPIRINHA,http://www.thecocktaildb.com/images/media/drink/uwstrx1472406058.jpg
218,DARK AND STORMY,http://www.thecocktaildb.com/images/media/drink/t1tn0s1504374905.jpg
219,DARKWOOD SLING,http://www.thecocktaildb.com/images/media/drink/sxxsyq1472719303.jpg
220,DERBY,http://www.thecocktaildb.com/images/media/drink/i502ra1504349156.jpg
221,DIESEL,http://www.thecocktaildb.com/images/media/drink/sxrrqq1454512852.jpg
222,DIRTY MARTINI,http://www.thecocktaildb.com/images/media/drink/vcyvpq1485083300.jpg
223,DIRTY NIPPLE,http://www.thecocktaildb.com/images/media/drink/vtyqrt1461866508.jpg
224,DOWNSHIFT,http://www.thecocktaildb.com/images/media/drink/y36z8c1503563911.jpg
225,DRAGONFLY,http://www.thecocktaildb.com/images/media/drink/lnvbip1504389100.jpg
226,DRINKING CHOCOLATE,http://www.thecocktaildb.com/images/media/drink/u6jrdf1487603173.jpg
227,DRY ROB ROY,http://www.thecocktaildb.com/images/media/drink/typuyq1439456976.jpg
228,DUBONNET COCKTAIL,http://www.thecocktaildb.com/images/media/drink/xxsuwr1439457147.jpg
229,DUCHAMP'S PUNCH,http://www.thecocktaildb.com/images/media/drink/g51naw1485084685.jpg
230,EGG CREAM,http://www.thecocktaildb.com/images/media/drink/mvis731484430445.jpg
231,EGG NOG #4,http://www.thecocktaildb.com/images/media/drink/wpspsy1468875747.jpg
232,EGG NOG - HEALTHY,http://www.thecocktaildb.com/images/media/drink/qxuppv1468875308.jpg
233,EGG-NOG - CLASSIC COOKED,http://www.thecocktaildb.com/images/media/drink/quxsvt1468875505.jpg
234,ENGLISH HIGHBALL,http://www.thecocktaildb.com/images/media/drink/dhvr7d1504519752.jpg
235,ENGLISH ROSE COCKTAIL,http://www.thecocktaildb.com/images/media/drink/yxwrpp1441208697.jpg
236,ESPRESSO MARTINI,http://www.thecocktaildb.com/images/media/drink/n0sx531504372951.jpg
237,FAHRENHEIT 5000,http://www.thecocktaildb.com/images/media/drink/tysssx1473344692.jpg
238,FLAMING DR. PEPPER,http://www.thecocktaildb.com/images/media/drink/d30z931503565384.jpg
239,FLAMING LAMBORGHINI,http://www.thecocktaildb.com/images/media/drink/yywpss1461866587.jpg
240,FLANDER'S FLAKE-OUT,http://www.thecocktaildb.com/images/media/drink/sqvqrx1461866705.jpg
241,FLYING DUTCHMAN,http://www.thecocktaildb.com/images/media/drink/akik8t1504519958.jpg
242,FLYING SCOTCHMAN,http://www.thecocktaildb.com/images/media/drink/glgrix1504520040.jpg
243,FOXY LADY,http://www.thecocktaildb.com/images/media/drink/r9cz3q1504519844.jpg
244,FRAPPÉ,http://www.thecocktaildb.com/images/media/drink/vqwryq1441245927.jpg
245,FREDDY KRUGER,http://www.thecocktaildb.com/images/media/drink/tuppuq1461866798.jpg
246,"FRENCH ""75""",http://www.thecocktaildb.com/images/media/drink/qpvxsx1439906903.jpg
247,FRENCH 75,http://www.thecocktaildb.com/images/media/drink/4qnyty1504368615.jpg
248,FRENCH CONNECTION,http://www.thecocktaildb.com/images/media/drink/zaqa381504368758.jpg
249,FRENCH MARTINI,http://www.thecocktaildb.com/images/media/drink/clth721504373134.jpg
250,FRISCO SOUR,http://www.thecocktaildb.com/images/media/drink/y39l941504884150.jpg
251,FROZEN DAIQUIRI,http://www.thecocktaildb.com/images/media/drink/7oyrj91504884412.jpg
252,FROZEN MINT DAIQUIRI,http://www.thecocktaildb.com/images/media/drink/jrhn1q1504884469.jpg
253,FROZEN PINEAPPLE DAIQUIRI,http://www.thecocktaildb.com/images/media/drink/j2mqsb1504736097.jpg
254,FRUIT COOLER,http://www.thecocktaildb.com/images/media/drink/i3tfn31484430499.jpg
255,FRUIT FLIP-FLOP,http://www.thecocktaildb.com/images/media/drink/nfdx6p1484430633.jpg
256,FRUIT SHAKE,http://www.thecocktaildb.com/images/media/drink/q0fg2m1484430704.jpg
257,FUZZY ASSHOLE,http://www.thecocktaildb.com/images/media/drink/wrvpuu1472667898.jpg
258,GG,http://www.thecocktaildb.com/images/media/drink/vyxwut1468875960.jpg
259,GAGLIARDO,http://www.thecocktaildb.com/images/media/drink/lyloe91487602877.jpg
260,GENTLEMAN'S CLUB,http://www.thecocktaildb.com/images/media/drink/ezvy1c1504883335.jpg
261,GIDEON'S GREEN DINOSAUR,http://www.thecocktaildb.com/images/media/drink/p5r0tr1503564636.jpg
262,GIN AND TONIC,http://www.thecocktaildb.com/images/media/drink/wtyxvx1472405831.jpg
263,GIN COOLER,http://www.thecocktaildb.com/images/media/drink/wsyrvv1478820109.jpg
264,GIN DAISY,http://www.thecocktaildb.com/images/media/drink/qwxysv1478819943.jpg
265,GIN FIZZ,http://www.thecocktaildb.com/images/media/drink/xhl8q31504351772.jpg
266,GIN RICKEY,http://www.thecocktaildb.com/images/media/drink/s00d6f1504883945.jpg
267,GIN SLING,http://www.thecocktaildb.com/images/media/drink/h8wmm41504883440.jpg
268,GIN SMASH,http://www.thecocktaildb.com/images/media/drink/hp41fi1504883656.jpg
269,GIN SOUR,http://www.thecocktaildb.com/images/media/drink/mt7l7m1504883523.jpg
270,GIN SQUIRT,http://www.thecocktaildb.com/images/media/drink/xrbhz61504883702.jpg
271,GIN SWIZZLE,http://www.thecocktaildb.com/images/media/drink/sybce31504884026.jpg
272,GIN TODDY,http://www.thecocktaildb.com/images/media/drink/l9gi5h1504820724.jpg
273,GIRL FROM IPANEMA,http://www.thecocktaildb.com/images/media/drink/xypspq1469090633.jpg
274,GLUEHWEIN,http://www.thecocktaildb.com/images/media/drink/vuxwvt1468875418.jpg
275,GODCHILD,http://www.thecocktaildb.com/images/media/drink/m5nhtr1504820829.jpg
276,GODFATHER,http://www.thecocktaildb.com/images/media/drink/r74uz51504368928.jpg
277,GODMOTHER,http://www.thecocktaildb.com/images/media/drink/4889up1504368984.jpg
278,GOLDEN DREAM,http://www.thecocktaildb.com/images/media/drink/qrot6j1504369425.jpg
279,GRAND BLUE,http://www.thecocktaildb.com/images/media/drink/vsrsqu1472761749.jpg
280,GRAPE LEMON PINEAPPLE SMOOTHIE,http://www.thecocktaildb.com/images/media/drink/54z5h71487603583.jpg
281,GRASS SKIRT,http://www.thecocktaildb.com/images/media/drink/qyvprp1473891585.jpg
282,GRASSHOPPER,http://www.thecocktaildb.com/images/media/drink/aqm9el1504369613.jpg
283,GREEN GOBLIN,http://www.thecocktaildb.com/images/media/drink/qxprxr1454511520.jpg
284,GRIM REAPER,http://www.thecocktaildb.com/images/media/drink/kztu161504883192.jpg
285,GRIZZLY BEAR,http://www.thecocktaildb.com/images/media/drink/k6v97f1487602550.jpg
286,H.D.,http://www.thecocktaildb.com/images/media/drink/upusyu1472667977.jpg
287,HAPPY SKIPPER,http://www.thecocktaildb.com/images/media/drink/42w2g41487602448.jpg
288,HARVEY WALLBANGER,http://www.thecocktaildb.com/images/media/drink/vg4bva1504369725.jpg
289,HAVANA COCKTAIL,http://www.thecocktaildb.com/images/media/drink/59splc1504882899.jpg
290,HAWAIIAN COCKTAIL,http://www.thecocktaildb.com/images/media/drink/ujoh9x1504882987.jpg
291,HEMINGWAY SPECIAL,http://www.thecocktaildb.com/images/media/drink/jfcvps1504369888.jpg
292,HERBAL FLAME,http://www.thecocktaildb.com/images/media/drink/rrstxv1441246184.jpg
293,HIGHLAND FLING COCKTAIL,http://www.thecocktaildb.com/images/media/drink/0bkwca1492975553.jpg
294,HOLLOWEEN PUNCH,http://www.thecocktaildb.com/images/media/drink/lfeoe41504888925.jpg
295,HOMEMADE KAHLUA,http://www.thecocktaildb.com/images/media/drink/uwtsst1441254025.jpg
296,HORSE'S NECK,http://www.thecocktaildb.com/images/media/drink/006k4e1504370092.jpg
297,HOT CHOCOLATE TO DIE FOR,http://www.thecocktaildb.com/images/media/drink/0lrmjp1487603166.jpg
298,HOT CREAMY BUSH,http://www.thecocktaildb.com/images/media/drink/spvrtp1472668037.jpg
299,ICE PICK #1,http://www.thecocktaildb.com/images/media/drink/ypsrqp1469091726.jpg
300,ICED COFFEE,http://www.thecocktaildb.com/images/media/drink/ytprxy1454513855.jpg
301,ICED COFFEE FILLIP,http://www.thecocktaildb.com/images/media/drink/sxtxrp1454514223.jpg
302,IMPERIAL COCKTAIL,http://www.thecocktaildb.com/images/media/drink/bcsj2e1487603625.jpg
303,IMPERIAL FIZZ,http://www.thecocktaildb.com/images/media/drink/zj1usl1504884548.jpg
304,IPAMENA,http://www.thecocktaildb.com/images/media/drink/yswuwp1469090992.jpg
305,IRISH COFFEE,http://www.thecocktaildb.com/images/media/drink/sywsqw1439906999.jpg
306,IRISH CREAM,http://www.thecocktaildb.com/images/media/drink/90etyl1504884699.jpg
307,IRISH CURDLING COW,http://www.thecocktaildb.com/images/media/drink/yrhutv1503563730.jpg
308,IRISH RUSSIAN,http://www.thecocktaildb.com/images/media/drink/swqurw1454512730.jpg
309,IRISH SPRING,http://www.thecocktaildb.com/images/media/drink/sot8v41504884783.jpg
310,JACK ROSE COCKTAIL,http://www.thecocktaildb.com/images/media/drink/uuqqrv1439907068.jpg
311,JACK'S VANILLA COKE,http://www.thecocktaildb.com/images/media/drink/kjnt7z1504793319.jpg
312,JACKHAMMER,http://www.thecocktaildb.com/images/media/drink/9von5j1504388896.jpg
313,JAM DONUT,http://www.thecocktaildb.com/images/media/drink/uuytrp1474039804.jpg
314,JAMAICA KISS,http://www.thecocktaildb.com/images/media/drink/urpvvv1441249549.jpg
315,JAMAICAN COFFEE,http://www.thecocktaildb.com/images/media/drink/xqptps1441247257.jpg
316,JAPANESE FIZZ,http://www.thecocktaildb.com/images/media/drink/37vzv11504884831.jpg
317,JELLO SHOTS,http://www.thecocktaildb.com/images/media/drink/l0smzo1504884904.jpg
318,JELLY BEAN,http://www.thecocktaildb.com/images/media/drink/bglc6y1504388797.jpg
319,JEWEL OF THE NILE,http://www.thecocktaildb.com/images/media/drink/hx4nrb1504884947.jpg
320,JITTERBUG,http://www.thecocktaildb.com/images/media/drink/wwqvrq1441245318.jpg
321,JOHN COLLINS,http://www.thecocktaildb.com/images/media/drink/u5yaxl1504350270.jpg
322,JUST A MOONMINT,http://www.thecocktaildb.com/images/media/drink/znald61487604035.jpg
323,KAMIKAZE,http://www.thecocktaildb.com/images/media/drink/xa58bb1504373204.jpg
324,KARSK,http://www.thecocktaildb.com/images/media/drink/808mxk1487602471.jpg
325,KENTUCKY B AND B,http://www.thecocktaildb.com/images/media/drink/sqxsxp1478820236.jpg
326,KENTUCKY COLONEL,http://www.thecocktaildb.com/images/media/drink/utqwpu1478820348.jpg
327,KILL THE COLD SMOOTHIE,http://www.thecocktaildb.com/images/media/drink/7j1z2e1487603414.jpg
328,KIOKI COFFEE,http://www.thecocktaildb.com/images/media/drink/uppqty1441247374.jpg
329,KIR,http://www.thecocktaildb.com/images/media/drink/apneom1504370294.jpg
330,KIR ROYALE,http://www.thecocktaildb.com/images/media/drink/yt9i7n1504370388.jpg
331,KISS ME QUICK,http://www.thecocktaildb.com/images/media/drink/m7iaxu1504885119.jpg
332,KIWI LEMON,http://www.thecocktaildb.com/images/media/drink/tpupvr1478251697.jpg
333,KIWI PAPAYA SMOOTHIE,http://www.thecocktaildb.com/images/media/drink/jogv4w1487603571.jpg
334,KOOL FIRST AID,http://www.thecocktaildb.com/images/media/drink/hfp6sv1503564824.jpg
335,KOOL-AID SHOT,http://www.thecocktaildb.com/images/media/drink/fegm621503564966.jpg
336,KOOL-AID SLAMMER,http://www.thecocktaildb.com/images/media/drink/kugu2m1504735473.jpg
337,KURANT TEA,http://www.thecocktaildb.com/images/media/drink/xrsrpr1441247464.jpg
338,LADY LOVE FIZZ,http://www.thecocktaildb.com/images/media/drink/20d63k1504885263.jpg
339,LASSI - A SOUTH INDIAN DRINK,http://www.thecocktaildb.com/images/media/drink/iq6scx1487603980.jpg
340,LASSI - MANGO,http://www.thecocktaildb.com/images/media/drink/1bw6sd1487603816.jpg
341,LASSI - SWEET,http://www.thecocktaildb.com/images/media/drink/9jeifz1487603885.jpg
342,LASSI KHARA,http://www.thecocktaildb.com/images/media/drink/m1suzm1487603970.jpg
343,LASSI RAITA,http://www.thecocktaildb.com/images/media/drink/s4x0qj1487603933.jpg
344,LEMON DROP,http://www.thecocktaildb.com/images/media/drink/mtpxgk1504373297.jpg
345,LEMON SHOT,http://www.thecocktaildb.com/images/media/drink/mx31hv1487602979.jpg
346,LEMOUROUDJI,http://www.thecocktaildb.com/images/media/drink/eirmo71487603745.jpg
347,LIMEADE,http://www.thecocktaildb.com/images/media/drink/5jdp5r1487603680.jpg
348,LIMONA CORONA,http://www.thecocktaildb.com/images/media/drink/wwqrsw1441248662.jpg
349,LOCH LOMOND,http://www.thecocktaildb.com/images/media/drink/rpvtpr1468923881.jpg
350,LONDON TOWN,http://www.thecocktaildb.com/images/media/drink/rpsrqv1468923507.jpg
351,LONE TREE COCKTAIL,http://www.thecocktaildb.com/images/media/drink/tsxpty1468923417.jpg
352,LONE TREE COOLER,http://www.thecocktaildb.com/images/media/drink/wsyqry1479298485.jpg
353,LONG ISLAND ICED TEA,http://www.thecocktaildb.com/images/media/drink/wx7hsg1504370510.jpg
354,LONG ISLAND TEA,http://www.thecocktaildb.com/images/media/drink/ywxwqs1439906072.jpg
355,LONG VODKA,http://www.thecocktaildb.com/images/media/drink/9179i01503565212.jpg
356,LORD AND LADY,http://www.thecocktaildb.com/images/media/drink/quwrys1468923219.jpg
357,LUNCH BOX,http://www.thecocktaildb.com/images/media/drink/qywpvt1454512546.jpg
358,MAI TAI,http://www.thecocktaildb.com/images/media/drink/twyrrp1439907470.jpg
359,MALIBU TWISTER,http://www.thecocktaildb.com/images/media/drink/2dwae41504885321.jpg
360,MANGO ORANGE SMOOTHIE,http://www.thecocktaildb.com/images/media/drink/vdp2do1487603520.jpg
361,MANHATTAN,http://www.thecocktaildb.com/images/media/drink/ec2jtz1504350429.jpg
362,MARGARITA,http://www.thecocktaildb.com/images/media/drink/wpxpvu1439905379.jpg
363,MARTINEZ COCKTAIL,http://www.thecocktaildb.com/images/media/drink/wwxwvr1439906452.jpg
364,MARTINI,http://www.thecocktaildb.com/images/media/drink/71t8581504353095.jpg
365,MARY PICKFORD,http://www.thecocktaildb.com/images/media/drink/f9erqb1504350557.jpg
366,MASALA CHAI,http://www.thecocktaildb.com/images/media/drink/uyrpww1441246384.jpg
367,MELYA,http://www.thecocktaildb.com/images/media/drink/xwtptq1441247579.jpg
368,MIAMI VICE,http://www.thecocktaildb.com/images/media/drink/qvuyqw1441208955.jpg
369,MICROWAVE HOT COCOA,http://www.thecocktaildb.com/images/media/drink/8y4x5f1487603151.jpg
370,MIDNIGHT COWBOY,http://www.thecocktaildb.com/images/media/drink/vsxxwy1441208133.jpg
371,MIDNIGHT MANX,http://www.thecocktaildb.com/images/media/drink/uqqurp1441208231.jpg
372,MIDNIGHT MINT,http://www.thecocktaildb.com/images/media/drink/svuvrq1441208310.jpg
373,MIMOSA,http://www.thecocktaildb.com/images/media/drink/juhcuu1504370685.jpg
374,MISSISSIPPI PLANTERS PUNCH,http://www.thecocktaildb.com/images/media/drink/urpyqs1439907531.jpg
375,MOCHA-BERRY,http://www.thecocktaildb.com/images/media/drink/vtwyyx1441246448.jpg
376,MOJITO,http://www.thecocktaildb.com/images/media/drink/rxtqps1478251029.jpg
377,MOJITO #3,http://www.thecocktaildb.com/images/media/drink/vwxrsw1478251483.jpg
378,MONKEY GLAND,http://www.thecocktaildb.com/images/media/drink/94psp81504350690.jpg
379,MONKEY WRENCH,http://www.thecocktaildb.com/images/media/drink/8it05n1504353314.jpg
380,MORANGUITO,http://www.thecocktaildb.com/images/media/drink/urpsyq1475667335.jpg
381,MOSCOW MULE,http://www.thecocktaildb.com/images/media/drink/3pylqc1504370988.jpg
382,MOTHER'S MILK,http://www.thecocktaildb.com/images/media/drink/7stuuh1504885399.jpg
383,MUDSLINGER,http://www.thecocktaildb.com/images/media/drink/hepk6h1504885554.jpg
384,MULLED WINE,http://www.thecocktaildb.com/images/media/drink/iuwi6h1504735724.jpg
385,NATIONAL AQUARIUM,http://www.thecocktaildb.com/images/media/drink/dlw0om1503565021.jpg
386,NEGRONI,http://www.thecocktaildb.com/images/media/drink/tutwwv1439907127.jpg
387,NEW YORK LEMONADE,http://www.thecocktaildb.com/images/media/drink/b3n0ge1503565473.jpg
388,NEW YORK SOUR,http://www.thecocktaildb.com/images/media/drink/61wgch1504882795.jpg
389,NUKED HOT CHOCOLATE,http://www.thecocktaildb.com/images/media/drink/xcu6nb1487603142.jpg
390,NUTTY IRISHMAN,http://www.thecocktaildb.com/images/media/drink/xspupx1441248014.jpg
391,OLD FASHIONED,http://www.thecocktaildb.com/images/media/drink/vrwquq1478252802.jpg
392,ORANGE CRUSH,http://www.thecocktaildb.com/images/media/drink/zvoics1504885926.jpg
393,ORANGE OASIS,http://www.thecocktaildb.com/images/media/drink/xqqytq1441167923.jpg
394,ORANGE PUSH-UP,http://www.thecocktaildb.com/images/media/drink/mgf0y91503565781.jpg
395,ORANGE SCENTED HOT CHOCOLATE,http://www.thecocktaildb.com/images/media/drink/hdzwrh1487603131.jpg
396,ORANGE WHIP,http://www.thecocktaildb.com/images/media/drink/ttyrxr1454514759.jpg
397,ORANGEADE,http://www.thecocktaildb.com/images/media/drink/ytsxxw1441167732.jpg
398,OREO MUDSLIDE,http://www.thecocktaildb.com/images/media/drink/tpwwut1468925017.jpg
399,ORGASM,http://www.thecocktaildb.com/images/media/drink/vr6kle1504886114.jpg
400,OWEN'S GRANDMOTHER'S REVENGE,http://www.thecocktaildb.com/images/media/drink/0wt4uo1503565321.jpg
401,PARADISE,http://www.thecocktaildb.com/images/media/drink/ejozd71504351060.jpg
402,PINA COLADA,http://www.thecocktaildb.com/images/media/drink/cpf4j51504371346.jpg
403,PINEAPPLE GINGERALE SMOOTHIE,http://www.thecocktaildb.com/images/media/drink/eg9i1d1487603469.jpg
404,PINK GIN,http://www.thecocktaildb.com/images/media/drink/qyr51e1504888618.jpg
405,PINK LADY,http://www.thecocktaildb.com/images/media/drink/5ia6j21504887829.jpg
406,PINK PANTY PULLDOWNS,http://www.thecocktaildb.com/images/media/drink/squsuy1468926657.jpg
407,PINK PENOCHA,http://www.thecocktaildb.com/images/media/drink/6vigjx1503564007.jpg
408,PISCO SOUR,http://www.thecocktaildb.com/images/media/drink/tsssur1439907622.jpg
409,PLANTER'S PUNCH,http://www.thecocktaildb.com/images/media/drink/yvos231504351384.jpg
410,POPPED CHERRY,http://www.thecocktaildb.com/images/media/drink/sxvrwv1473344825.jpg
411,POPPY COCKTAIL,http://www.thecocktaildb.com/images/media/drink/cslw1w1504389915.jpg
412,PORT AND STARBOARD,http://www.thecocktaildb.com/images/media/drink/wxvupx1441553911.jpg
413,PORT WINE COCKTAIL,http://www.thecocktaildb.com/images/media/drink/qruprq1441553976.jpg
414,PORT WINE FLIP,http://www.thecocktaildb.com/images/media/drink/vrprxu1441553844.jpg
415,PORTO FLIP,http://www.thecocktaildb.com/images/media/drink/64x5j41504351518.jpg
416,PYSCH VITAMIN LIGHT,http://www.thecocktaildb.com/images/media/drink/xsqsxw1441553580.jpg
417,QUAKER'S COCKTAIL,http://www.thecocktaildb.com/images/media/drink/yrqppx1478962314.jpg
418,QUARTER DECK COCKTAIL,http://www.thecocktaildb.com/images/media/drink/qrwvps1478963017.jpg
419,QUEEN BEE,http://www.thecocktaildb.com/images/media/drink/rvvpxu1478963194.jpg
420,QUEEN CHARLOTTE,http://www.thecocktaildb.com/images/media/drink/vqruyt1478963249.jpg
421,QUEEN ELIZABETH,http://www.thecocktaildb.com/images/media/drink/vpqspv1478963339.jpg
422,QUENTIN,http://www.thecocktaildb.com/images/media/drink/spxtqp1478963398.jpg
423,QUICK F**K,http://www.thecocktaildb.com/images/media/drink/wvtwpp1478963454.jpg
424,QUICK-SAND,http://www.thecocktaildb.com/images/media/drink/vprxqv1478963533.jpg
425,RADIOACTIVE LONG ISLAND ICED TEA,http://www.thecocktaildb.com/images/media/drink/rdvqmh1503563512.jpg
426,RADLER,http://www.thecocktaildb.com/images/media/drink/xz8igv1504888995.jpg
427,RAIL SPLITTER,http://www.thecocktaildb.com/images/media/drink/stsuqq1441207660.jpg
428,RASPBERRY COOLER,http://www.thecocktaildb.com/images/media/drink/suqyyx1441254346.jpg
429,RED SNAPPER,http://www.thecocktaildb.com/images/media/drink/7p607y1504735343.jpg
430,ROSE,http://www.thecocktaildb.com/images/media/drink/8kxbvq1504371462.jpg
431,ROYAL BITCH,http://www.thecocktaildb.com/images/media/drink/qupuyr1441210090.jpg
432,ROYAL FIZZ,http://www.thecocktaildb.com/images/media/drink/wrh44j1504390609.jpg
433,ROYAL FLUSH,http://www.thecocktaildb.com/images/media/drink/7rnm8u1504888527.jpg
434,ROYAL GIN FIZZ,http://www.thecocktaildb.com/images/media/drink/pe1x1c1504735672.jpg
435,RUBY TUESDAY,http://www.thecocktaildb.com/images/media/drink/qsyqqq1441553437.jpg
436,RUM COBBLER,http://www.thecocktaildb.com/images/media/drink/5vh9ld1504390683.jpg
437,RUM COOLER,http://www.thecocktaildb.com/images/media/drink/2hgwsb1504888674.jpg
438,RUM MILK PUNCH,http://www.thecocktaildb.com/images/media/drink/w64lqm1504888810.jpg
439,RUM OLD-FASHIONED,http://www.thecocktaildb.com/images/media/drink/otn2011504820649.jpg
440,RUM PUNCH,http://www.thecocktaildb.com/images/media/drink/wyrsxu1441554538.jpg
441,RUM RUNNER,http://www.thecocktaildb.com/images/media/drink/vqws6t1504888857.jpg
442,RUM SCREWDRIVER,http://www.thecocktaildb.com/images/media/drink/pwl7v81504886372.jpg
443,RUM SOUR,http://www.thecocktaildb.com/images/media/drink/bylfi21504886323.jpg
444,RUM TODDY,http://www.thecocktaildb.com/images/media/drink/athdk71504886286.jpg
445,RUSSIAN SPRING PUNCH,http://www.thecocktaildb.com/images/media/drink/ctt20s1504373488.jpg
446,RUSTY NAIL,http://www.thecocktaildb.com/images/media/drink/yqsvtw1478252982.jpg
447,SALTY DOG,http://www.thecocktaildb.com/images/media/drink/4vfge01504890216.jpg
448,SAN FRANCISCO,http://www.thecocktaildb.com/images/media/drink/szmj2d1504889961.jpg
449,SANGRIA #1,http://www.thecocktaildb.com/images/media/drink/xrvxpp1441249280.jpg
450,SANGRIA - THE WORLD'S BEST,http://www.thecocktaildb.com/images/media/drink/vysywu1468924264.jpg
451,SAZERAC,http://www.thecocktaildb.com/images/media/drink/vvpxwy1439907208.jpg
452,SCOOTER,http://www.thecocktaildb.com/images/media/drink/twuptu1483388307.jpg
453,SCOTCH COBBLER,http://www.thecocktaildb.com/images/media/drink/1q7coh1504736227.jpg
454,SCOTCH SOUR,http://www.thecocktaildb.com/images/media/drink/0dnb6k1504890436.jpg
455,SCOTTISH HIGHLAND LIQUEUR,http://www.thecocktaildb.com/images/media/drink/upqvvp1441253441.jpg
456,SCREAMING ORGASM,http://www.thecocktaildb.com/images/media/drink/x894cs1504388670.jpg
457,SCREWDRIVER,http://www.thecocktaildb.com/images/media/drink/8xnyke1504352207.jpg
458,SEA BREEZE,http://www.thecocktaildb.com/images/media/drink/7rfuks1504371562.jpg
459,SEX ON THE BEACH,http://www.thecocktaildb.com/images/media/drink/twsvwr1469092365.jpg
460,SHANGHAI COCKTAIL,http://www.thecocktaildb.com/images/media/drink/ttyrxr1478820678.jpg
461,SHARK ATTACK,http://www.thecocktaildb.com/images/media/drink/uv96zr1504793256.jpg
462,SHERRY EGGNOG,http://www.thecocktaildb.com/images/media/drink/xwrpsv1478820541.jpg
463,SHERRY FLIP,http://www.thecocktaildb.com/images/media/drink/qrryvq1478820428.jpg
464,SHOT-GUN,http://www.thecocktaildb.com/images/media/drink/2j1m881503563583.jpg
465,SIDECAR,http://www.thecocktaildb.com/images/media/drink/stwxuq1439906852.jpg
466,SIDECAR COCKTAIL,http://www.thecocktaildb.com/images/media/drink/ewjxui1504820428.jpg
467,SINGAPORE SLING,http://www.thecocktaildb.com/images/media/drink/tvtrrt1439906288.jpg
468,SLOE GIN COCKTAIL,http://www.thecocktaildb.com/images/media/drink/d7mo481504889531.jpg
469,SMUT,http://www.thecocktaildb.com/images/media/drink/rx8k8e1504365812.jpg
470,SNAKE BITE (UK),http://www.thecocktaildb.com/images/media/drink/xuwpyu1441248734.jpg
471,SNAKEBITE AND BLACK,http://www.thecocktaildb.com/images/media/drink/rssvwv1441248863.jpg
472,SNOWBALL,http://www.thecocktaildb.com/images/media/drink/7ibfs61504735416.jpg
473,SOL Y SOMBRA,http://www.thecocktaildb.com/images/media/drink/3gz2vw1503425983.jpg
474,SPACE ODYSSEY,http://www.thecocktaildb.com/images/media/drink/vxtjbx1504817842.jpg
475,SPANISH CHOCOLATE,http://www.thecocktaildb.com/images/media/drink/pra8vt1487603054.jpg
476,SPICED PEACH PUNCH,http://www.thecocktaildb.com/images/media/drink/qxvypq1468924331.jpg
477,SPIKING COFFEE,http://www.thecocktaildb.com/images/media/drink/isql6y1487602375.jpg
478,SPRITZ,http://www.thecocktaildb.com/images/media/drink/j9evx11504373665.jpg
479,STINGER,http://www.thecocktaildb.com/images/media/drink/2ahv791504352433.jpg
480,STONE SOUR,http://www.thecocktaildb.com/images/media/drink/vruvtp1472719895.jpg
481,STRAWBERRY DAIQUIRI,http://www.thecocktaildb.com/images/media/drink/deu59m1504736135.jpg
482,STRAWBERRY LEMONADE,http://www.thecocktaildb.com/images/media/drink/spvvxp1468924425.jpg
483,STRAWBERRY MARGARITA,http://www.thecocktaildb.com/images/media/drink/tqyrpw1439905311.jpg
484,STRAWBERRY SHIVERS,http://www.thecocktaildb.com/images/media/drink/9h1vvt1487603404.jpg
485,SUNNY HOLIDAY PUNCH,http://www.thecocktaildb.com/images/media/drink/rywtwy1468924758.jpg
486,SURF CITY LIFESAVER,http://www.thecocktaildb.com/images/media/drink/2rzfer1487602699.jpg
487,SWEDISH COFFEE,http://www.thecocktaildb.com/images/media/drink/ywtrvt1441246783.jpg
488,SWEET BANANAS,http://www.thecocktaildb.com/images/media/drink/sxpcj71487603345.jpg
489,SWEET SANGRIA,http://www.thecocktaildb.com/images/media/drink/uqqvsp1468924228.jpg
490,SWEET TOOTH,http://www.thecocktaildb.com/images/media/drink/j6rq6h1503563821.jpg
491,TALOS COFFEE,http://www.thecocktaildb.com/images/media/drink/rswqpy1441246518.jpg
492,TENNESEE MUD,http://www.thecocktaildb.com/images/media/drink/txruqv1441245770.jpg
493,TEQUILA FIZZ,http://www.thecocktaildb.com/images/media/drink/2bcase1504889637.jpg
494,TEQUILA SOUR,http://www.thecocktaildb.com/images/media/drink/ek0mlq1504820601.jpg
495,TEQUILA SUNRISE,http://www.thecocktaildb.com/images/media/drink/quqyqp1480879103.jpg
496,TEQUILA SURPRISE,http://www.thecocktaildb.com/images/media/drink/8189p51504735581.jpg
497,TEXAS RATTLESNAKE,http://www.thecocktaildb.com/images/media/drink/rtohqp1504889750.jpg
498,TEXAS SLING,http://www.thecocktaildb.com/images/media/drink/ypl13s1504890158.jpg
499,THAI COFFEE,http://www.thecocktaildb.com/images/media/drink/wquwxs1441247025.jpg
500,THAI ICED COFFEE,http://www.thecocktaildb.com/images/media/drink/rqpypv1441245650.jpg
501,THAI ICED TEA,http://www.thecocktaildb.com/images/media/drink/trvwpu1441245568.jpg
502,THE EVIL BLUE THING,http://www.thecocktaildb.com/images/media/drink/ojnpz71504793059.jpg
503,THRILLER,http://www.thecocktaildb.com/images/media/drink/rvuswq1461867714.jpg
504,TIA-MARIA,http://www.thecocktaildb.com/images/media/drink/sih81u1504367097.jpg
505,TOM COLLINS,http://www.thecocktaildb.com/images/media/drink/qystvv1439907682.jpg
506,TOMATO TANG,http://www.thecocktaildb.com/images/media/drink/869qr81487603278.jpg
507,TOMMY'S MARGARITA,http://www.thecocktaildb.com/images/media/drink/loezxn1504373874.jpg
508,TURF COCKTAIL,http://www.thecocktaildb.com/images/media/drink/utypqq1441554367.jpg
509,TURKEYBALL,http://www.thecocktaildb.com/images/media/drink/rxurpr1441554292.jpg
510,TUXEDO COCKTAIL,http://www.thecocktaildb.com/images/media/drink/4u0nbl1504352551.jpg
511,VALENCIA COCKTAIL,http://www.thecocktaildb.com/images/media/drink/9myuc11492975640.jpg
512,VAMPIRO,http://www.thecocktaildb.com/images/media/drink/yfhn371504374246.jpg
513,VAN VLEET,http://www.thecocktaildb.com/images/media/drink/fgq2bl1492975771.jpg
514,VERMOUTH CASSIS,http://www.thecocktaildb.com/images/media/drink/tswpxx1441554674.jpg
515,VESPER,http://www.thecocktaildb.com/images/media/drink/mtdxpa1504374514.jpg
516,VESUVIO,http://www.thecocktaildb.com/images/media/drink/26cq601492976203.jpg
517,VETERAN,http://www.thecocktaildb.com/images/media/drink/iwml9t1492976255.jpg
518,VICTOR,http://www.thecocktaildb.com/images/media/drink/voapgc1492976416.jpg
519,VICTORY COLLINS,http://www.thecocktaildb.com/images/media/drink/lx0lvs1492976619.jpg
520,VODKA AND TONIC,http://www.thecocktaildb.com/images/media/drink/lmj2yt1504820500.jpg
521,VODKA FIZZ,http://www.thecocktaildb.com/images/media/drink/xwxyux1441254243.jpg
522,VODKA MARTINI,http://www.thecocktaildb.com/images/media/drink/qyxrqw1439906528.jpg
523,VODKA RUSSIAN,http://www.thecocktaildb.com/images/media/drink/rpttur1454515129.jpg
524,WAIKIKI BEACHCOMBER,http://www.thecocktaildb.com/images/media/drink/ysuqus1441208583.jpg
525,WHISKEY SOUR,http://www.thecocktaildb.com/images/media/drink/o56h041504352725.jpg
526,WHISKY MAC,http://www.thecocktaildb.com/images/media/drink/yvvwys1461867858.jpg
527,WHITE LADY,http://www.thecocktaildb.com/images/media/drink/jofsaz1504352991.jpg
528,WHITE RUSSIAN,http://www.thecocktaildb.com/images/media/drink/vsrupw1472405732.jpg
529,WHITECAP MARGARITA,http://www.thecocktaildb.com/images/media/drink/srpxxp1441209622.jpg
530,WINE COOLER,http://www.thecocktaildb.com/images/media/drink/yutxtv1473344210.jpg
531,WINE PUNCH,http://www.thecocktaildb.com/images/media/drink/txustu1473344310.jpg
532,YELLOW BIRD,http://www.thecocktaildb.com/images/media/drink/2t9r6w1504374811.jpg
533,YOGHURT COOLER,http://www.thecocktaildb.com/images/media/drink/trttrv1441254466.jpg
534,ZAMBEER,http://www.thecocktaildb.com/images/media/drink/bje5401485619578.jpg
535,ZENMEISTER,http://www.thecocktaildb.com/images/media/drink/qyuvsu1479209462.jpg
536,ZIEMES MARTINI APFELSAFT,http://www.thecocktaildb.com/images/media/drink/xnzr2p1485619687.jpg
537,ZIMA BLASTER,http://www.thecocktaildb.com/images/media/drink/1wifuv1485619797.jpg
538,ZIMADORI ZINGER,http://www.thecocktaildb.com/images/media/drink/bw8gzx1485619920.jpg
539,ZINGER,http://www.thecocktaildb.com/images/media/drink/iixv4l1485620014.jpg
540,ZIPPERHEAD,http://www.thecocktaildb.com/images/media/drink/r2qzhu1485620235.jpg
541,ZIPPY'S REVENGE,http://www.thecocktaildb.com/images/media/drink/1sqm7n1485620312.jpg
542,ZIZI COIN-COIN,http://www.thecocktaildb.com/images/media/drink/0fbo2t1485620752.jpg
543,ZOKSEL,http://www.thecocktaildb.com/images/media/drink/ft8ed01485620930.jpg
544,ZORBATINI,http://www.thecocktaildb.com/images/media/drink/wtkqgb1485621155.jpg
545,ZORRO,http://www.thecocktaildb.com/images/media/drink/kvvd4z1485621283.jpg
